Awesome Blowjob By This Attractive Dark Haired Bitch With Nice Ass - #Blowjob,#Squirt,#Rimming,#Fingering,#BigAss https://t.co/fYZ61QdCmr
stop being such a bitch
RT @bathedngrey: i think the fuck not u trick ass bitch https://t.co/hgpikEbJO9
27 Bitch  #MTVStars Britney Spears * Lana Del Rey
27 Bitch  #MTVStars Britney Spears * Lana Del Rey
27 Bitch  #MTVStars Britney Spears * Lana Del Rey
27 Bitch  #MTVStars Britney Spears * Lana Del Rey
27 Bitch  #MTVStars Britney Spears * Lana Del Rey
27 Bitch  #MTVStars Britney Spears * Lana Del Rey
RT @FIeeek: Who graduating ? üò≥ http://t.co/kwtZp0QYL3
27 Bitch  #MTVStars Britney Spears * Lana Del Rey
RT @rogueidols: "seriously Louis, don't mix dark and light clothing together in the wash, ok- ..did that 3 cm tall bitch just fuc https://t‚Ä¶
27 Bitch  #MTVStars Britney Spears * Lana Del Rey
27 Bitch  #MTVStars Britney Spears * Lana Del Rey
27 Bitch  #MTVStars Britney Spears * Lana Del Rey
27 Bitch  #MTVStars Britney Spears * Lana Del Rey
27 Bitch  #MTVStars Britney Spears * Lana Del Rey
27 Bitch  #MTVStars Britney Spears * Lana Del Rey
27 Bitch  #MTVStars Britney Spears * Lana Del Rey
27 Bitch  #MTVStars Britney Spears * Lana Del Rey
27 Bitch  #MTVStars Britney Spears * Lana Del Rey
27 Bitch  #MTVStars Britney Spears * Lana Del Rey
27 Bitch  #MTVStars Britney Spears * Lana Del Rey
27 Bitch  #MTVStars Britney Spears * Lana Del Rey
27 Bitch  #MTVStars Britney Spears * Lana Del Rey
27 Bitch  #MTVStars Britney Spears * Lana Del Rey
27 Bitch  #MTVStars Britney Spears * Lana Del Rey
27 Bitch  #MTVStars Britney Spears * Lana Del Rey
27 Bitch  #MTVStars Britney Spears * Lana Del Rey
27 Bitch  #MTVStars Britney Spears * Lana Del Rey
27 Bitch  #MTVStars Britney Spears * Lana Del Rey
27 Bitch  #MTVStars Britney Spears * Lana Del Rey
27 Bitch  #MTVStars Britney Spears * Lana Del Rey
27 Bitch  #MTVStars Britney Spears * Lana Del Rey
27 Bitch  #MTVStars Britney Spears * Lana Del Rey
27 Bitch  #MTVStars Britney Spears * Lana Del Rey
27 Bitch  #MTVStars Britney Spears * Lana Del Rey
27 Bitch  #MTVStars Britney Spears * Lana Del Rey
27 Bitch  #MTVStars Britney Spears * Lana Del Rey
27 Bitch  #MTVStars Britney Spears * Lana Del Rey
i aint shootin for no legs bitch I'm shootin for the top
27 Bitch  #MTVStars Britney Spears * Lana Del Rey
27 Bitch  #MTVStars Britney Spears * Lana Del Rey
27 Bitch  #MTVStars Britney Spears * Lana Del Rey
27 Bitch  #MTVStars Britney Spears * Lana Del Rey
27 Bitch  #MTVStars Britney Spears * Lana Del Rey
27 Bitch  #MTVStars Britney Spears * Lana Del Rey
27 Bitch  #MTVStars Britney Spears * Lana Del Rey
27 Bitch  #MTVStars Britney Spears * Lana Del Rey
27 Bitch  #MTVStars Britney Spears * Lana Del Rey
27 Bitch  #MTVStars Britney Spears * Lana Del Rey
27 Bitch  #MTVStars Britney Spears * Lana Del Rey
27 Bitch  #MTVStars Britney Spears * Lana Del Rey
27 Bitch  #MTVStars Britney Spears * Lana Del Rey
27 Bitch  #MTVStars Britney Spears * Lana Del Rey
27 Bitch  #MTVStars Britney Spears * Lana Del Rey
27 Bitch  #MTVStars Britney Spears * Lana Del Rey
27 Bitch  #MTVStars Britney Spears * Lana Del Rey
27 Bitch  #MTVStars Britney Spears * Lana Del Rey
27 Bitch  #MTVStars Britney Spears * Lana Del Rey
27 Bitch  #MTVStars Britney Spears * Lana Del Rey
27 Bitch  #MTVStars Britney Spears * Lana Del Rey
27 Bitch  #MTVStars Britney Spears * Lana Del Rey
27 Bitch  #MTVStars Britney Spears * Lana Del Rey
27 Bitch  #MTVStars Britney Spears * Lana Del Rey
27 Bitch  #MTVStars Britney Spears * Lana Del Rey
27 Bitch  #MTVStars Britney Spears * Lana Del Rey
27 Bitch  #MTVStars Britney Spears * Lana Del Rey
27 Bitch  #MTVStars Britney Spears * Lana Del Rey
27 Bitch  #MTVStars Britney Spears * Lana Del Rey
27 Bitch  #MTVStars Britney Spears * Lana Del Rey
RT @SoReIatable: When you hear a bitch make a comment under their breath https://t.co/blcR2qE5Ou
27 Bitch  #MTVStars Britney Spears * Lana Del Rey
27 Bitch  #MTVStars Britney Spears * Lana Del Rey
27 Bitch  #MTVStars Britney Spears * Lana Del Rey
27 Bitch  #MTVStars Britney Spears * Lana Del Rey
27 Bitch  #MTVStars Britney Spears * Lana Del Rey
27 Bitch  #MTVStars Britney Spears * Lana Del Rey
27 Bitch  #MTVStars Britney Spears * Lana Del Rey
27 Bitch  #MTVStars Britney Spears * Lana Del Rey
I need a bottle of henny to myself rn! I would drink that bitch like water
RT @Aketriaaa_: he about to tap you and be like "owe bitch look" üòÇüòÇüíÄüíÄüò©üò© https://t.co/qCrJhL4XQS
babe Busty babe bitch drops down her huge boobs in a matching https://t.co/sSy3uawh2n
If that bitch ain't üíØ I ain't cuffin her , so if you üëÄ me with that bitch I'm prolly fucking her üò≠‚ÄºÔ∏è
RT @KhaParisDior: I just don't want no bitch laughing me watching me love on my nigga and she doing the same. Trust issues a mf that's why ‚Ä¶
Bitch get on my nerves hoe you need to swerve
RT @nasgani: When you ask @Aamzz_B for advice 'ffs u bitch get a grip and listen' https://t.co/CsNt9pauIr
@DomanAcacia bitch me and you never talk tf you talking I just pretended to like you üòä
@Aldahir_Madrid maybe you'll be a bigger bitch now hahaha jk
daily reminder that Bitch I'm Madonna is the worst song ever
Im not tryin to sound like a conceited ass bitch, but damn i looked good in 2012.
RT @JazzieeeeB: beat a bitch up , yupüò≠
RT @fuckboyverses: fuckboys be cheating on loyal and pretty girls with a bitch that looks like a chicken nugget.
üí¶üî•üëäüí® https://t.co/TiPTdx5jI1
RT @EIfOnTheShelf: Headed to fuck your bitch.. Beep Beep https://t.co/sM91OEAoeB
RT @YOURAESTHETlC: boss ass bitch with expensive taste and always looks good https://t.co/lMJlwhyh5s
RT @RelatableQuote: When you hear a bitch make a comment under their breath https://t.co/Bnin18KqbP
RT @clitorisIouis: Harry: Louis, laundry isn't that difficult. You just put-
Louis: *hangs up* 
Harry: that..little teletubbie bitch https:‚Ä¶
Aint nuffin like a ride or die bitch, she come thru and throw the 50 up, love to fuck, she even roll the piffy up
RT @nolimit_squeak: IF YO GIRLFRIEND PISSING U OFF GO SMOKE SUM WEED OR GO HANG WIT YO HOMMIES BUT DNT RUIN YO RELATIONSHIP BY HITTIN üì≤ UP ‚Ä¶
